id,pm25,pm10,no2_ppb,co_mgm3,temp_c,humidity,aqi
1,96.2,165.9,59.8,0.97,32.2,70.0,79.8
2,19.7,32.9,56.2,1.7,22.6,63.2,26.5
3,8.4,19.0,55.4,1.58,26.1,100,13.5
4,89.6,143.8,34.8,0.73,29.8,63.4,87.6
5,96.3,156.5,71.0,1.57,19.1,72.9,96.2
6,50.4,86.4,15.4,1.87,12.7,84.2,44.6
7,108.1,175.9,63.7,1.72,15.7,100,102.8
8,54.9,84.4,38.3,0.7,23.2,70.0,52.4
9,80.4,130.8,45.1,1.77,23.2,90.8,76.4
10,100.7,157.8,88.7,1.13,22.7,43.0,100.3
11,40.6,59.5,72.6,0.51,14.1,54.8,51.7
12,48.4,72.2,63.2,1.33,21.0,64.4,45.4
13,111.8,171.3,57.0,1.52,26.7,48.5,119.9
14,33.5,56.0,59.4,0.86,25.1,74.3,43.2
15,31.6,57.4,55.8,0.9,26.9,67.0,30.4
16,68.6,114.1,18.0,1.23,34.5,69.8,52.8
17,5,-3.9,23.9,1.58,20.3,47.6,3.6
18,82.4,145.3,40.7,0.9,23.1,99.4,74.9
19,61.0,100.6,38.3,1.74,40.6,66.2,53.4
20,76.9,117.8,17.9,2.59,35.4,43.1,60.3
21,89.4,134.6,28.1,1.45,10.6,69.3,78.3
22,55.9,100.8,70.9,1.05,16.3,53.0,54.9
23,40.1,60.4,78.0,1.79,18.9,33.2,55.8
24,91.7,155.5,26.8,1.05,32.5,48.7,87.8
25,40.0,64.8,25.4,1.38,31.2,34.8,28.7
26,95.2,152.8,76.0,1.48,37.2,59.0,97.1
27,53.0,76.6,46.0,1.38,13.3,87.9,47.4
28,36.5,55.7,45.1,1.3,15.2,60.0,29.1
29,101.3,155.9,37.5,0.61,15.2,48.5,97.2
30,33.3,77.2,71.9,1.2,28.7,89.5,44.2
31,114.5,191.2,54.0,1.01,28.4,87.5,106.7
32,45.7,75.2,31.7,1.82,17.6,100,49.4
33,65.2,120.4,27.9,1.54,31.7,74.0,54.5
34,51.6,78.5,72.0,0.93,39.0,33.8,45.3
35,58.9,91.2,97.8,1.24,19.8,27.0,63.8
36,42.0,78.7,38.2,1.18,27.0,72.6,40.2
37,17.9,29.5,16.1,2.09,21.9,78.5,24.2
38,37.0,69.6,52.2,0.5,24.6,67.0,42.7
39,36.8,65.2,55.9,1.44,11.7,61.3,31.6
40,91.1,125.5,25.7,1.65,23.4,66.1,77.1
41,113.1,178.6,74.2,1.48,34.7,64.2,111.5
42,86.2,148.9,63.5,1.46,21.0,48.9,79.7
43,52.1,89.0,10.5,0.96,21.0,77.0,40.5
44,56.2,90.1,34.9,0.87,23.1,59.4,45.9
45,60.7,100.0,23.7,1.63,22.8,86.0,56.9
46,55.0,89.5,68.0,1.16,33.0,42.8,52.1
47,49.1,74.8,56.9,1.02,23.1,71.0,59.2
48,66.4,107.8,34.4,1.12,16.8,58.4,53.9
49,36.3,62.3,52.1,2.16,25.9,41.1,39.7
50,25.1,40.9,48.3,1.42,35.6,82.8,27.8
51,41.4,69.0,18.3,1.14,22.6,43.7,36.9
52,78.0,122.8,76.7,0.31,38.0,56.4,77.8
53,75.4,107.9,7.5,1.05,30.1,96.1,63.7
54,96.1,169.0,55.2,0.6,26.9,78.0,94.9
55,34.7,50.9,43.5,0.79,28.0,56.0,29.8
56,70.5,122.5,56.5,1.32,17.5,62.1,66.2
57,104.9,194.1,80.4,1.45,17.5,80.7,98.5
58,95.5,144.7,46.0,1.09,26.4,69.9,96.5
59,85.9,140.5,15.6,1.52,23.0,33.8,71.0
60,83.3,136.7,27.0,0.71,14.7,47.2,68.2
61,75.8,102.8,28.3,1.84,25.5,95.4,59.0
62,11.9,26.2,79.1,0.72,22.4,65.2,21.9
63,38.5,61.7,38.5,0.82,25.8,53.4,37.5
64,89.1,127.0,51.4,0.91,29.1,61.9,72.8
65,36.9,49.7,52.5,1.11,30.6,37.2,50.9
66,55.3,86.0,72.5,1.8,35.2,99.1,53.7
67,85.3,147.5,15.5,0.42,31.7,96.9,76.3
68,89.9,153.3,34.5,1.51,17.8,38.8,71.9
69,42.7,77.1,50.9,1.06,31.5,80.8,47.5
70,122.5,192.7,93.6,1.63,21.6,67.3,125.0
71,56.5,92.2,64.1,0.87,27.8,33.8,55.1
72,87.2,139.7,55.8,1.13,22.9,70.8,78.7
73,96.8,164.9,20.8,1.86,36.5,86.1,85.3
74,5,7.2,83.8,1.45,24.1,49.1,20.5
75,62.6,87.6,46.9,0.87,20.2,54.0,57.5
76,57.4,91.5,36.5,0.8,38.5,58.8,47.9
77,88.0,138.4,19.4,1.33,20.0,60.2,70.2
78,72.2,116.0,28.7,0.77,31.8,77.6,61.7
79,81.7,125.5,7.9,1.52,33.9,81.2,68.3
80,75.7,108.9,31.7,0.8,11.4,100,62.2
81,58.5,82.0,15.4,1.47,23.9,48.9,55.2
82,40.6,42.1,43.9,0.1,22.2,64.6,35.0
83,53.5,99.4,54.3,1.09,20.7,94.6,48.9
84,72.6,107.9,41.0,1.4,35.3,90.2,69.8
85,73.6,112.4,52.3,0.85,14.7,52.0,65.9
86,47.8,65.7,78.6,0.5,8.2,64.0,51.5
87,83.9,130.6,51.8,1.34,29.2,71.2,77.2
88,79.4,133.1,25.9,0.88,27.3,43.5,71.7
89,28.1,45.0,54.0,2.09,30.2,68.0,36.7
90,41.6,64.8,52.8,1.66,22.7,53.3,49.8
91,50.1,67.6,56.4,0.83,18.3,76.9,48.1
92,100.3,161.0,70.9,1.4,29.2,42.5,102.3
93,57.7,93.3,58.3,1.07,10.5,19.4,67.0
94,67.2,113.3,17.7,2.29,23.4,100,53.9
95,27.4,52.8,37.8,1.12,25.2,85.8,32.5
96,93.4,170.6,70.7,1.61,31.9,65.6,81.8
97,5,11.3,27.3,0.82,20.6,64.0,15.1
98,66.5,109.6,57.7,0.67,30.5,57.9,61.2
99,45.1,66.9,49.6,1.36,31.8,63.4,48.5
100,43.2,71.4,39.2,2.26,22.6,74.0,45.8
101,7.4,26.6,46.5,0.6,30.2,41.4,17.2
102,92.0,148.9,47.0,1.77,27.3,58.2,85.7
103,69.6,107.7,42.9,0.46,25.8,80.9,71.7
104,90.1,151.5,56.5,1.05,34.6,59.2,83.8
105,70.2,131.6,32.6,0.77,19.3,10,64.7
106,74.4,102.2,29.2,0.92,23.0,44.3,59.6
107,75.1,112.5,27.6,1.49,21.2,81.3,67.1
108,71.1,91.9,43.0,1.23,19.1,59.6,59.1
109,44.3,74.6,18.0,0.92,18.4,54.8,46.7
110,63.6,108.0,68.4,1.32,28.3,75.5,58.9
111,58.7,102.4,21.8,1.8,17.8,65.3,46.9
112,7.8,13.9,58.1,0.57,30.1,75.3,22.9
113,65.8,118.7,63.2,1.2,35.1,57.6,69.4
114,58.8,82.1,47.0,1.53,20.4,27.0,62.5
115,111.3,181.2,33.2,1.37,33.2,81.5,94.1
116,45.3,78.8,42.8,1.6,24.1,62.1,45.1
117,64.1,106.9,28.4,1.13,28.1,72.9,59.8
118,92.8,165.5,30.8,1.82,19.5,45.6,87.1
119,75.0,137.9,47.9,0.45,13.0,73.8,70.7
120,26.5,42.8,55.8,1.43,21.1,40.5,33.3
121,63.7,97.6,35.1,0.76,30.3,66.8,47.5
122,62.2,85.8,40.9,1.28,26.0,59.6,50.6
123,42.4,53.9,68.0,1.01,23.5,75.6,59.9
124,10.3,30.5,75.8,1.13,16.6,85.0,24.3
125,8.2,20.4,10.8,0.8,27.4,73.2,-2.7
126,85.5,146.6,40.8,1.3,5,80.7,77.6
127,68.8,104.6,52.2,1.49,22.9,44.3,62.8
128,15.8,-1.1,51.2,1.26,11.8,75.7,14.7
129,44.0,75.3,50.1,1.18,18.7,68.8,53.2
130,26.7,54.9,52.7,1.07,13.6,65.2,30.9
131,79.6,132.7,55.3,2.02,32.8,35.0,76.3
132,93.2,161.1,51.7,1.23,24.2,52.9,91.6
133,102.7,180.0,6.1,1.32,33.4,78.9,89.9
134,66.1,105.0,66.9,0.91,25.9,78.9,71.1
135,85.6,132.3,75.0,0.8,21.4,75.0,84.9
136,61.8,102.6,23.9,2.36,21.1,62.2,55.8
137,62.4,109.9,66.5,1.62,18.7,58.4,60.4
138,25.5,30.9,37.8,1.66,18.6,21.4,31.2
139,79.4,127.9,83.9,1.65,21.6,68.4,79.3
140,54.2,75.7,63.7,1.42,10.2,81.1,65.9
141,112.2,182.9,30.6,0.87,17.8,55.7,101.3
142,52.8,89.8,5.0,1.87,19.8,76.2,38.6
143,52.1,82.8,30.3,1.33,22.9,52.8,49.0
144,69.3,121.2,11.6,0.77,26.6,39.7,60.3
145,14.5,44.4,8.3,0.8,21.2,48.6,11.2
146,25.5,35.8,19.6,1.63,28.0,67.0,20.4
147,44.8,68.2,41.9,0.61,18.4,65.0,50.3
148,40.0,63.6,30.9,0.56,19.5,74.2,33.0
149,76.7,113.0,43.0,1.39,30.1,62.4,70.6
150,60.5,85.8,10.3,1.34,30.3,85.4,49.1
151,77.4,115.0,83.6,1.8,24.4,34.1,79.4
152,72.5,117.9,39.6,1.13,19.4,83.1,66.1
153,35.2,57.7,70.2,1.23,19.6,57.0,39.3
154,54.5,97.1,41.7,1.81,25.6,48.1,53.0
155,49.9,78.1,17.1,1.97,15.4,61.0,43.2
156,20.8,14.7,59.4,1.79,33.0,54.6,25.2
157,45.2,85.9,48.5,1.44,35.9,92.0,48.5
158,63.7,104.3,39.4,0.93,32.7,100,73.7
159,58.5,102.3,54.1,1.43,29.4,27.0,55.4
160,5,7.6,39.0,0.81,27.4,63.5,7.5
161,51.1,88.4,40.0,1.56,19.1,69.7,43.4
162,57.2,87.3,39.4,1.16,26.9,58.5,63.2
163,48.5,88.7,60.6,0.75,25.5,51.7,49.5
164,61.5,95.7,63.8,1.55,27.9,64.1,61.7
165,23.6,26.5,39.9,0.94,23.4,74.0,22.0
166,36.2,74.4,15.8,1.22,23.5,100,22.2
167,66.0,119.5,50.8,0.95,28.4,60.0,63.6
168,57.2,99.7,51.8,1.55,16.7,62.8,55.4
169,71.9,119.2,39.0,1.96,45,73.1,49.0
170,60.3,80.9,48.4,1.31,21.9,28.5,43.8
171,62.8,86.1,54.1,1.16,20.7,57.0,55.2
172,88.5,129.0,54.3,1.49,32.4,74.9,80.2
173,82.7,131.7,36.1,1.9,18.3,57.6,62.7
174,100.2,154.5,45.6,1.35,21.3,51.4,93.8
175,41.2,63.9,36.5,0.32,29.4,50.2,43.8
176,5,8.9,43.7,1.57,24.7,38.3,11.0
177,70.2,92.9,23.4,0.1,23.3,52.8,52.7
178,13.8,22.8,42.9,0.6,17.9,83.3,26.0
179,88.5,131.0,51.2,2.48,36.1,57.6,88.8
180,45.0,55.6,72.2,1.17,30.3,37.2,51.6
181,52.1,109.7,47.1,0.87,29.2,53.7,49.4
182,89.8,137.7,62.9,1.19,31.1,40.3,80.4
183,57.0,81.9,63.0,1.92,24.1,67.7,66.1
184,78.0,129.7,17.4,0.77,26.6,46.1,67.1
185,75.9,120.7,55.2,0.98,21.4,32.0,63.6
186,65.6,100.9,61.2,1.17,12.2,53.1,64.7
187,104.3,173.5,68.0,0.97,20.4,55.9,94.4
188,58.0,91.8,38.0,1.71,18.2,57.2,55.1
189,94.1,147.5,75.0,0.74,22.2,69.3,89.3
190,22.4,19.8,39.8,1.04,21.9,21.5,25.5
191,47.7,64.2,53.7,0.63,21.1,73.3,43.3
192,47.3,82.5,79.3,1.08,27.3,71.8,51.0
193,42.0,72.4,36.8,1.36,16.8,33.4,43.6
194,52.0,85.0,58.2,2.32,20.6,49.2,54.6
195,72.5,129.8,50.6,0.39,31.8,23.5,63.8
196,66.4,99.7,25.8,1.14,32.4,63.2,58.6
197,32.5,45.3,9.7,0.8,23.4,59.2,20.3
198,87.2,151.0,19.6,1.25,24.4,66.5,82.6
199,59.7,90.9,29.4,1.91,26.2,64.7,56.7
200,67.0,114.4,72.0,1.06,13.7,43.7,65.0
201,83.8,137.6,24.0,0.1,40.5,79.3,76.0
202,53.0,86.7,44.0,2.02,28.1,50.7,44.2
203,90.6,154.1,36.2,1.11,16.0,77.6,82.1
204,75.2,112.1,95.3,1.21,20.4,60.3,81.4
205,36.0,51.4,15.0,1.52,21.1,89.8,35.1
206,51.6,80.9,60.4,0.83,42.6,60.7,52.2
207,53.8,68.7,37.6,1.34,8.3,70.8,57.6
208,49.4,70.1,46.6,0.7,42.7,68.9,56.4
209,51.7,71.4,37.8,0.99,14.2,50.1,49.3
210,81.5,132.9,37.5,1.55,27.4,82.7,68.8
211,39.2,63.2,55.0,1.06,30.7,76.1,44.7
212,33.2,45.8,51.5,1.39,31.0,32.7,38.8
213,32.1,77.8,41.6,1.58,26.1,85.0,41.7
214,63.8,100.9,41.5,2.12,31.7,42.7,58.2
215,25.9,53.9,53.4,1.98,14.2,95.8,28.6
216,46.9,85.2,48.8,0.88,23.4,88.7,43.2
217,81.4,130.1,78.1,0.34,26.5,29.8,82.5
218,48.7,93.2,31.9,1.36,18.2,54.3,45.7
219,62.6,104.0,29.1,0.78,20.6,71.2,55.1
220,51.4,77.4,49.3,0.76,20.3,65.2,49.1
221,62.5,99.5,47.1,1.45,28.2,60.3,59.1
222,54.6,95.6,33.0,1.13,15.0,90.9,45.2
223,57.0,100.8,9.9,1.38,29.5,42.1,45.3
224,39.9,82.2,36.9,0.98,37.0,80.1,44.2
225,107.2,169.5,54.5,1.31,33.9,81.4,97.3
226,62.3,97.2,56.7,1.32,13.8,29.9,53.6
227,69.3,119.1,56.4,1.07,11.0,66.2,65.3
228,5,7.7,74.0,1.65,23.6,82.7,23.6
229,26.3,51.4,18.8,2.2,14.2,77.3,26.6
230,62.8,112.3,58.3,1.69,21.8,23.0,63.0
231,44.4,76.3,56.2,1.7,19.2,61.9,44.8
232,46.5,78.5,42.5,1.48,14.3,53.8,45.3
233,49.9,83.8,55.3,0.34,26.5,45.3,48.9
234,52.1,76.9,27.2,1.84,20.1,42.8,47.2
235,26.6,53.6,69.3,1.1,39.3,47.6,37.1
236,64.2,98.7,90.7,1.77,17.4,100,68.8
237,98.9,149.8,24.8,1.1,33.8,34.3,84.3
238,54.2,87.6,68.5,1.81,16.1,49.3,53.3
239,71.7,123.1,60.9,0.75,22.6,96.2,70.6
240,60.3,96.6,58.8,0.24,30.4,64.2,70.5
241,88.7,131.3,8.1,1.39,6.2,80.5,73.7
242,58.8,83.2,66.1,1.0,33.2,70.1,59.3
243,46.5,77.0,57.0,2.4,16.5,75.5,55.2
244,117.5,193.2,17.6,1.37,21.1,30.2,91.2
245,87.4,142.9,51.9,1.28,29.0,65.3,83.9
246,48.5,60.9,13.2,1.67,27.0,50.4,46.5
247,42.8,69.8,51.3,0.99,27.9,54.5,53.0
248,44.9,72.5,43.8,1.52,9.2,41.1,44.3
249,45.5,64.7,29.2,1.29,20.6,43.0,43.9
250,11.6,15.0,29.4,1.32,22.2,43.2,13.6
251,45.2,61.4,50.2,1.38,34.3,58.2,47.7
252,62.2,89.0,33.4,1.55,21.9,36.3,57.0
253,110.7,176.6,22.2,1.88,36.8,29.2,90.8
254,85.3,135.5,33.5,0.47,32.6,47.5,70.3
255,99.2,170.5,55.0,1.5,32.0,65.2,91.6
256,31.6,37.4,46.8,1.66,44.0,69.1,31.3
257,39.2,60.4,34.2,1.28,16.4,62.0,39.2
258,77.4,121.8,63.4,0.47,35.8,57.6,60.3
259,55.4,104.1,60.5,0.9,18.9,64.1,54.9
260,63.1,110.2,66.0,1.11,27.3,36.7,60.5
261,51.5,88.5,56.7,1.44,16.7,71.9,46.8
262,83.4,140.4,32.7,1.9,23.6,73.6,72.1
263,87.7,146.4,2,0.83,16.3,59.3,62.2
264,75.1,112.8,49.4,1.85,30.6,77.8,72.9
265,71.1,117.3,45.1,0.94,29.2,10,69.9
266,64.4,95.9,52.6,0.98,24.3,49.2,56.9
267,48.1,70.8,58.9,1.15,26.2,46.0,59.1
268,76.8,128.4,47.1,0.48,25.5,55.4,69.2
269,104.4,169.4,41.7,0.46,33.6,100,87.1
270,68.7,117.2,41.3,2.52,26.6,87.1,65.4
271,89.8,164.3,46.9,0.86,21.0,27.0,87.3
272,57.8,95.4,94.2,0.78,30.8,51.9,68.9
273,60.2,126.3,7.7,1.12,39.6,92.7,44.1
274,17.2,28.8,22.1,1.25,30.6,79.4,14.4
275,69.5,121.8,33.4,1.58,27.9,33.1,58.7
276,41.5,69.2,47.4,1.32,26.5,100,44.2
277,82.4,144.5,36.5,0.1,18.1,53.8,76.5
278,82.2,142.3,27.3,1.23,13.0,72.6,77.0
279,37.6,47.4,23.5,1.72,41.0,51.4,38.0
280,78.3,122.8,72.8,1.77,17.7,54.8,77.0
281,19.8,38.6,66.8,1.36,32.5,46.0,30.5
282,43.8,57.6,57.2,0.54,18.9,75.1,45.8
283,60.0,103.6,37.6,1.69,39.1,41.6,56.0
284,12.3,-1.2,42.2,1.15,26.1,76.5,18.2
285,19.9,13.9,23.4,1.04,35.1,59.7,22.2
286,56.2,94.5,15.7,1.43,17.4,71.3,40.9
287,96.7,163.3,45.6,0.89,21.2,57.1,84.8
288,70.0,115.4,26.7,0.98,21.4,83.9,61.3
289,64.8,101.8,26.0,0.79,26.1,58.1,56.2
290,46.9,61.5,8.0,1.65,16.4,24.9,35.2
291,67.5,116.0,10.0,0.81,27.9,72.8,57.9
292,54.1,73.3,59.6,0.81,27.2,72.9,57.4
293,65.7,112.2,66.3,0.68,14.5,36.3,65.1
294,61.9,91.1,21.7,1.59,17.0,65.5,53.5
295,58.4,88.0,50.0,0.69,35.3,52.5,60.2
296,69.1,128.9,28.7,1.22,18.0,75.7,70.9
297,11.6,30.3,7.4,1.43,14.4,51.3,8.6
298,123.4,180.8,45.9,1.62,40.9,59.4,108.3
299,46.1,64.8,42.3,0.57,26.0,60.4,52.4
300,94.7,162.5,18.2,0.82,30.0,85.0,80.1
301,59.8,95.6,33.3,0.63,33.6,70.8,41.9
302,27.2,47.7,40.2,1.92,35.5,52.5,27.3
303,57.4,86.6,42.9,1.05,20.5,78.7,46.3
304,62.2,105.4,66.7,0.55,27.6,55.5,65.9
305,49.9,77.5,13.2,0.79,24.2,67.3,40.9
306,45.0,70.1,75.0,1.38,24.8,63.1,45.2
307,57.2,88.8,40.1,2.41,26.6,56.7,46.2
308,57.0,88.0,32.8,1.41,27.0,60.5,50.5
309,82.4,142.7,5.8,0.86,28.5,78.6,65.0
310,39.7,57.3,4.2,0.89,25.1,91.2,31.9
311,59.4,82.4,56.3,1.24,35.4,59.8,49.1
312,54.7,90.0,61.4,2.49,28.3,31.8,59.6
313,48.0,88.5,39.3,1.54,23.0,60.4,47.1
314,33.5,55.0,65.2,1.15,27.1,64.1,39.6
315,62.0,114.0,31.4,1.31,32.5,51.5,50.4
316,18.5,42.4,50.9,1.07,15.5,40.7,30.5
317,36.6,39.9,83.5,0.66,25.6,75.0,46.8
318,58.5,94.9,55.6,1.37,26.7,31.2,49.4
319,132.4,208.9,49.0,0.56,28.4,55.9,123.5
320,117.8,182.3,79.3,1.56,20.3,100,108.0
321,57.3,85.5,64.6,0.8,22.0,80.0,60.2
322,78.2,126.6,2,1.66,28.5,65.1,59.9
323,56.1,89.7,56.9,1.63,26.2,69.1,54.1
324,56.1,84.0,73.5,1.24,30.0,51.4,59.2
325,32.9,60.4,28.4,0.98,7.9,56.5,35.7
326,64.9,108.4,50.8,0.95,22.6,55.9,64.5
327,64.7,115.3,43.2,0.91,5,33.2,64.1
328,50.4,71.8,74.4,0.62,43.4,55.8,50.9
329,61.0,102.9,71.0,1.41,21.3,45.6,60.5
330,50.4,96.0,68.2,2.19,22.8,71.1,53.6
331,5,20.0,67.3,2.3,17.8,41.3,14.8
332,108.5,169.5,29.8,1.49,38.3,60.7,88.9
333,36.3,79.1,56.6,1.36,32.6,50.1,44.8
334,49.6,78.8,44.3,0.67,24.7,55.4,49.0
335,66.8,116.2,24.2,2.53,16.5,45.1,56.7
336,49.1,77.9,16.5,1.64,18.8,49.9,43.8
337,6.5,4.7,62.1,0.94,28.2,50.7,11.7
338,71.6,122.3,48.0,1.53,30.6,43.2,62.6
339,42.2,83.9,43.7,1.0,11.8,57.8,38.6
340,29.3,56.3,10.1,1.88,19.8,10,31.6
341,66.2,121.9,34.0,1.9,28.9,59.8,55.1
342,36.9,63.2,52.3,1.58,13.9,53.6,28.3
343,67.5,114.4,45.4,1.26,10.0,33.8,57.2
344,26.9,58.3,29.6,1.53,17.8,62.8,22.6
345,90.0,145.1,24.6,0.55,19.9,87.7,71.7
346,37.0,60.2,59.6,0.71,18.1,33.9,48.9
347,91.7,157.0,81.6,1.07,22.4,65.5,96.5
348,35.6,51.1,46.4,0.1,34.9,68.1,40.9
349,48.2,57.4,82.1,1.03,24.0,53.9,56.1
350,35.1,67.6,51.1,0.86,12.5,79.1,32.3
351,37.3,34.4,68.4,0.36,21.5,79.9,44.0
352,55.0,92.4,42.0,1.2,24.4,51.2,65.6
353,37.6,66.1,36.5,1.52,19.4,53.0,35.2
354,85.7,147.1,53.8,1.52,27.2,62.1,76.7
355,52.5,85.2,41.1,0.1,34.3,84.4,54.4
356,18.1,39.5,29.1,0.87,26.0,58.1,17.4
357,65.0,109.4,52.7,1.61,10.8,50.2,63.1
358,83.9,149.3,21.9,1.39,7.6,35.4,77.0
359,82.8,143.1,18.4,1.62,24.4,81.9,69.7
360,80.1,125.1,47.5,1.08,19.9,57.3,69.0
361,64.8,99.6,47.3,1.06,14.0,52.2,63.3
362,60.7,76.1,28.7,1.62,39.0,44.7,49.5
363,105.9,185.3,53.3,1.08,35.8,51.0,105.3
364,62.9,108.7,83.0,0.82,14.2,44.7,72.2
365,69.5,110.9,79.5,0.95,21.3,63.7,73.4
366,31.5,66.9,69.6,1.37,24.8,69.8,40.7
367,69.4,100.6,27.9,1.58,21.2,85.4,59.6
368,91.7,136.5,39.5,1.79,26.1,61.4,77.4
369,72.0,118.3,33.8,1.77,10.3,77.8,66.7
370,62.9,87.5,52.9,1.66,29.6,26.4,61.3
371,86.8,133.9,47.2,1.3,26.0,51.6,81.0
372,73.2,127.8,53.7,1.0,20.5,27.6,75.8
373,32.8,39.0,58.6,2.28,30.1,26.6,37.5
374,47.1,90.9,25.1,0.68,36.6,27.1,43.7
375,63.5,113.8,80.5,0.91,22.2,26.4,73.5
376,106.9,171.7,34.8,1.84,24.2,27.2,93.2
377,114.7,173.3,53.0,1.25,21.0,34.8,101.1
378,15.9,32.6,78.6,1.63,28.4,79.7,18.2
379,42.3,60.1,65.2,1.25,26.9,41.8,49.2
380,64.5,98.3,47.4,1.28,17.8,26.4,54.6
381,5,26.4,51.9,1.45,17.9,59.8,10.2
382,19.9,17.7,11.2,0.96,38.6,45.5,22.4
383,85.7,138.6,39.0,0.83,20.2,66.2,76.5
384,61.9,102.6,39.7,1.41,20.1,54.6,51.4
385,99.4,147.7,50.9,1.64,25.5,85.9,80.6
386,63.5,81.0,35.2,1.21,23.6,100,60.0
387,44.3,72.8,16.8,1.02,25.1,31.6,27.2
388,82.2,124.5,75.1,0.76,25.1,62.2,68.2
389,104.0,149.9,63.1,1.61,29.3,63.2,97.8
390,53.9,93.4,71.5,0.62,14.6,49.3,55.7
391,38.5,79.5,50.8,1.74,27.0,93.2,46.5
392,56.0,69.7,2,1.54,31.9,72.7,36.6
393,57.4,103.9,60.6,1.35,15.1,58.9,55.8
394,34.6,39.7,43.1,1.22,33.2,66.6,31.6
395,61.9,106.8,52.9,1.21,26.2,76.9,51.1
396,51.1,82.5,62.4,1.31,27.8,77.2,61.6
397,109.3,168.7,23.2,1.77,20.1,64.3,87.7
398,43.1,62.2,29.1,1.9,24.3,48.2,39.6
399,94.1,164.6,32.9,0.4,25.8,55.8,78.6
400,37.4,66.1,34.9,0.89,12.7,58.7,36.4
401,61.1,103.3,78.0,0.95,18.2,54.2,65.5
402,23.5,42.3,49.8,0.92,8.6,47.8,29.3
403,20.0,36.3,65.6,0.71,24.5,63.0,31.3
404,24.2,38.5,76.5,1.81,16.5,45.4,37.0
405,23.8,29.2,43.7,0.79,30.9,81.3,29.0
406,100.0,169.8,52.4,0.38,21.9,59.8,90.5
407,75.5,125.1,52.5,1.08,33.2,91.5,69.4
408,61.4,106.8,46.2,0.34,28.6,82.7,50.0
409,41.4,56.2,33.4,0.69,27.2,55.1,44.8
410,88.0,147.2,35.0,0.39,21.5,60.2,71.4
411,93.7,147.3,31.0,0.32,27.5,53.4,79.9
412,41.8,71.7,51.3,0.65,30.3,50.5,48.5
413,38.9,72.3,44.8,0.94,28.6,74.1,48.1
414,7.3,11.3,26.6,0.97,17.8,66.5,13.7
415,33.5,64.3,32.4,0.96,29.8,50.6,33.8
416,30.2,42.4,69.0,1.53,28.8,66.9,36.1
417,70.9,107.5,36.3,1.04,19.9,70.9,54.7
418,79.2,122.7,103.5,1.82,23.1,79.3,74.0
419,77.3,124.8,24.4,1.23,25.7,75.7,63.2
420,69.8,111.4,31.9,1.88,23.9,62.0,78.6
421,54.5,78.3,51.8,0.95,31.2,43.1,55.7
422,43.0,70.4,12.9,0.24,22.9,74.0,32.1
423,39.0,52.0,47.5,1.57,28.3,76.7,37.3
424,63.7,106.4,23.1,0.52,25.4,48.3,54.6
425,45.5,81.3,26.3,1.35,15.4,18.9,34.7
426,35.6,38.2,60.9,0.81,34.0,27.1,42.9
427,65.8,94.4,52.2,1.47,23.6,63.0,58.4
428,63.1,107.5,19.2,1.37,25.6,68.0,51.3
429,46.3,74.7,52.1,1.3,12.3,78.1,34.8
430,38.9,64.2,28.9,0.58,25.2,83.6,40.9
431,52.0,71.0,42.8,1.32,19.2,32.3,51.8
432,34.2,54.2,2,1.8,19.1,63.7,29.4
433,80.4,113.9,31.9,1.16,29.4,74.8,72.6
434,81.3,121.2,56.5,1.32,27.8,42.4,79.4
435,65.9,95.3,33.8,0.96,25.5,20.0,66.1
436,65.8,115.3,39.9,1.64,14.6,41.1,55.0
437,66.0,90.1,44.1,1.91,31.4,70.1,60.8
438,84.7,139.2,42.0,0.86,23.4,62.8,77.3
439,56.0,97.4,35.5,2.21,18.0,53.4,40.6
440,58.7,99.4,46.7,1.57,37.8,58.0,50.7
441,44.5,71.7,9.6,1.23,43.2,70.2,31.8
442,70.3,111.4,26.5,0.87,34.4,51.2,62.2
443,64.4,110.2,35.4,0.82,15.9,69.5,65.9
444,70.9,112.3,55.5,1.13,30.1,62.3,66.1
445,58.2,90.9,37.8,1.41,21.1,40.8,53.3
446,76.0,112.3,34.3,1.23,26.8,10,69.5
447,25.9,37.6,83.8,1.41,19.7,100,30.3
448,59.1,115.6,68.4,1.14,22.5,65.6,59.7
449,29.9,64.6,44.7,0.86,15.5,62.0,36.5
450,92.6,160.7,51.5,0.86,15.5,69.0,87.5
451,71.3,108.3,61.5,0.49,15.1,64.4,68.0
452,64.5,96.6,60.5,1.55,27.6,60.5,66.2
453,15.4,32.4,32.7,1.02,24.7,13.4,13.9
454,53.3,88.3,54.2,1.2,23.4,86.7,61.4
455,30.1,53.2,69.4,0.63,24.8,97.0,39.6
456,59.5,98.6,24.9,1.41,24.4,53.3,51.8
457,73.4,114.0,54.3,1.14,13.9,21.8,64.1
458,41.9,81.6,37.0,1.95,38.0,71.6,40.4
459,67.8,110.9,33.7,1.44,25.5,57.2,71.2
460,77.5,128.1,65.2,1.15,29.1,52.3,76.5
461,82.8,134.8,44.7,1.93,21.2,86.1,67.4
462,20.3,25.8,63.4,0.2,22.0,82.8,24.5
463,61.2,99.8,33.6,1.58,22.4,64.6,53.5
464,44.0,74.2,48.6,0.8,26.7,14.4,47.0
465,73.9,125.2,54.1,0.24,24.0,47.3,58.3
466,60.5,101.2,19.6,0.99,25.4,61.6,50.6
467,77.0,124.3,40.6,1.19,23.7,45.1,76.4
468,80.0,102.5,40.1,0.88,36.5,51.7,76.8
469,67.8,128.5,42.4,1.56,14.1,44.9,62.8
470,73.8,121.8,18.9,1.03,44.6,45.0,59.7
471,20.1,40.5,29.7,1.8,41.0,53.9,23.4
472,40.3,44.4,41.2,1.57,22.2,39.2,39.9
473,68.2,108.0,74.3,1.57,43.5,76.8,62.5
474,94.7,159.6,72.0,1.24,18.2,57.9,85.8
475,51.1,76.4,34.7,1.33,35.0,41.7,58.3
476,84.6,140.8,31.1,0.95,18.9,69.4,75.7
477,70.8,119.5,40.6,0.7,19.2,78.1,64.0
478,108.0,178.3,39.1,0.1,18.1,68.3,84.9
479,48.0,81.7,62.8,1.35,22.2,53.7,48.5
480,70.5,118.4,45.5,0.49,14.9,46.6,60.2
481,58.9,88.0,19.7,1.1,22.0,74.0,59.6
482,58.7,90.5,55.6,0.69,38.2,68.3,61.0
483,79.6,105.5,27.7,1.6,24.0,35.8,69.1
484,110.1,194.0,15.4,0.62,23.0,34.2,88.6
485,52.7,96.8,92.4,1.42,30.9,56.4,66.1
486,61.7,91.0,30.7,1.28,28.4,56.9,62.0
487,72.9,127.9,39.8,1.27,31.7,81.2,62.8
488,54.1,92.5,46.3,1.96,23.2,70.2,66.9
489,41.2,65.1,46.2,0.1,26.6,36.4,40.2
490,84.8,127.0,45.1,1.06,24.9,62.6,80.1
491,57.4,100.4,60.0,1.02,25.7,73.1,51.1
492,44.9,66.5,65.3,1.24,24.9,48.9,57.2
493,91.9,148.7,23.5,1.38,27.6,94.2,90.2
494,47.2,82.1,24.4,1.55,27.2,53.4,51.5
495,5,-1.8,54.9,2.07,30.8,40.4,6.3
496,65.3,126.7,47.7,0.6,24.3,72.5,66.5
497,32.5,57.1,25.8,1.68,26.8,62.3,41.6
498,64.7,113.3,52.8,1.07,35.1,44.8,57.0
499,64.8,114.8,55.3,1.08,32.9,68.5,64.5
500,5,8.4,46.1,1.99,15.3,53.6,9.9
501,79.4,122.7,59.9,0.98,26.1,47.8,75.5
502,76.6,127.0,52.0,1.46,16.2,68.7,77.1
503,111.6,179.7,40.3,1.39,21.6,63.8,97.6
504,73.7,134.8,75.8,1.23,39.0,53.7,72.7
505,93.9,148.1,49.0,1.95,26.7,64.9,80.6
506,42.2,63.1,52.5,1.3,39.8,69.1,45.1
507,48.0,71.3,67.8,1.39,27.6,63.6,67.7
508,74.8,109.1,56.4,1.29,29.6,78.3,72.0
509,31.8,44.2,53.5,1.78,18.7,54.0,34.5
510,93.2,149.6,21.1,0.43,26.3,81.6,79.3
511,48.1,80.5,32.8,1.19,25.9,83.8,47.9
512,49.4,76.2,32.7,1.43,23.1,60.6,45.5
513,66.5,122.4,34.5,1.0,20.4,51.7,62.5
514,50.6,83.0,55.5,1.42,33.0,82.6,47.3
515,62.1,100.3,18.0,0.61,28.8,76.2,63.1
516,88.8,154.3,50.0,1.29,29.2,96.6,70.2
517,48.5,83.1,38.9,0.77,21.7,87.1,43.1
518,69.6,124.0,53.0,1.48,29.6,65.5,60.4
519,15.2,34.4,27.4,1.44,33.4,100,15.9
520,24.0,30.0,29.3,1.08,25.0,31.6,22.7
521,44.8,56.2,57.8,1.78,15.7,95.2,44.3
522,63.6,91.8,51.9,0.1,34.3,75.0,59.9
523,78.3,132.2,13.5,0.14,25.6,84.6,65.9
524,98.0,157.0,66.2,1.87,24.3,50.6,93.4
525,71.5,115.6,19.6,0.85,38.1,71.2,54.5
526,106.4,151.4,36.6,0.77,25.3,76.9,93.0
527,44.3,67.9,24.9,1.17,23.2,84.6,42.9
528,21.4,25.6,97.9,1.04,26.4,56.6,31.1
529,81.7,127.7,35.1,1.1,25.4,75.7,68.2
530,75.2,131.9,63.0,0.96,30.3,50.6,77.6
531,111.3,183.3,32.5,0.78,33.5,47.9,91.4
532,8.5,14.5,21.3,1.74,17.2,55.0,13.2
533,47.0,88.6,43.3,1.07,20.1,63.4,43.3
534,114.2,170.1,41.5,1.28,15.1,39.9,95.9
535,61.6,117.9,35.9,0.92,23.5,78.6,50.8
536,76.9,117.5,41.3,1.33,13.4,60.2,74.6
537,101.8,160.5,21.0,1.91,27.8,73.0,88.5
538,58.2,84.4,39.5,1.86,9.3,52.4,48.1
539,38.8,58.8,55.2,1.43,30.8,89.4,41.2
540,78.5,129.5,54.4,1.53,32.2,59.6,70.2
541,70.0,110.2,22.6,1.05,25.6,56.1,60.2
542,15.2,42.5,29.5,1.16,17.6,55.8,20.7
543,78.5,127.6,62.3,0.69,19.8,54.9,72.8
544,81.0,120.2,33.6,1.01,18.8,72.8,70.5
545,63.2,108.1,27.4,0.9,36.9,86.7,54.2
546,37.6,57.6,68.1,0.87,19.3,77.5,43.1
547,34.7,77.0,2,1.64,24.9,72.2,27.2
548,64.3,82.4,56.4,0.28,35.9,58.1,63.2
549,59.5,100.6,61.1,0.5,33.2,39.7,60.1
550,54.6,99.4,26.6,2.07,30.2,63.2,50.0
551,76.5,112.1,65.3,0.88,24.8,39.3,77.6
552,101.4,154.1,73.2,1.26,17.5,59.9,97.6
553,48.1,53.0,10.3,1.74,28.0,21.2,46.2
554,79.8,137.2,23.9,0.56,17.3,60.0,64.8
555,68.8,107.4,44.4,2.0,16.7,34.5,62.9
556,36.1,74.6,54.2,1.81,30.0,67.7,48.2
557,84.2,123.3,40.1,1.3,25.4,47.1,75.6
558,95.1,139.6,51.2,0.51,31.7,52.4,70.1
559,35.6,38.1,24.5,1.03,19.4,42.4,34.4
560,27.0,42.7,46.5,0.96,21.4,54.1,28.1
561,59.1,73.9,32.8,0.71,38.5,71.7,52.8
562,40.1,65.2,31.4,0.35,36.8,69.9,43.7
563,65.4,105.9,30.5,1.26,22.8,34.0,52.4
564,36.0,66.0,37.4,0.1,33.7,55.6,38.6
565,68.1,96.4,51.9,1.32,23.9,45.4,60.6
566,65.4,104.3,22.4,0.5,20.8,61.6,52.1
567,72.3,96.5,51.8,1.5,26.1,38.0,67.4
568,71.4,110.5,42.3,0.46,8.2,90.8,62.8
569,97.0,172.4,53.5,0.8,16.5,77.5,95.6
570,64.6,100.6,48.4,1.89,29.3,44.4,58.2
571,55.2,85.4,60.1,0.33,29.5,72.8,59.1
572,85.9,145.9,89.2,0.1,13.2,36.6,95.4
573,60.0,92.6,51.1,1.37,28.8,19.0,57.0
574,94.5,143.8,36.7,1.28,21.5,61.0,83.9
575,58.2,66.0,2.9,1.03,33.9,71.6,49.6
576,74.8,123.8,24.2,0.94,32.6,87.8,68.5
577,52.0,78.0,37.1,1.34,17.4,95.8,41.8
578,58.2,89.2,17.5,1.01,18.7,67.2,48.2
579,54.8,81.0,55.2,0.95,19.6,39.5,56.6
580,42.4,66.1,2,1.74,30.9,54.4,42.7
581,40.7,61.3,48.6,1.06,26.0,59.6,51.2
582,70.4,125.2,76.7,0.64,17.4,77.3,66.3
583,91.8,143.5,32.2,1.09,18.9,72.9,81.8
584,45.9,86.9,2,1.73,17.4,64.3,43.8
585,58.0,101.6,18.6,1.38,24.4,46.9,59.3
586,39.4,67.2,57.9,1.59,14.4,62.3,41.9
587,11.8,1.3,61.4,1.51,21.4,63.1,27.8
588,66.7,113.9,40.7,0.74,18.1,92.7,63.8
589,12.9,16.5,16.7,2.41,32.4,65.0,20.6
590,62.8,105.9,56.4,0.87,16.7,73.3,61.2
591,11.8,20.0,53.6,0.73,30.7,68.0,25.1
592,82.3,125.2,51.8,0.63,32.1,49.7,74.0
593,22.5,32.4,51.2,1.88,18.5,90.5,25.9
594,73.5,130.2,66.0,1.88,29.3,12.9,70.8
595,31.6,18.6,55.7,1.6,35.2,67.6,34.3
596,86.1,154.2,67.5,0.41,31.7,45.3,79.9
597,36.4,71.8,69.6,1.26,14.7,50.1,48.1
598,56.1,97.5,24.6,1.65,34.0,76.5,55.3
599,80.7,130.6,41.6,0.97,20.3,66.5,72.2
600,75.9,116.1,50.7,1.14,36.2,60.7,61.2
601,50.1,78.1,39.9,0.72,21.2,89.4,53.3
602,61.1,91.8,17.9,1.43,29.8,63.5,56.9
603,74.7,109.5,72.3,1.33,36.0,78.4,76.1
604,59.7,97.7,60.4,0.26,26.3,50.6,54.6
605,71.1,101.2,38.8,0.5,22.4,43.1,72.9
606,91.9,151.0,79.1,0.43,19.0,68.2,90.8
607,51.9,81.5,46.8,0.1,28.2,44.8,55.2
608,64.5,128.7,33.6,1.59,28.0,55.6,57.7
609,74.9,113.1,79.2,1.19,14.3,55.8,74.4
610,55.3,87.6,38.8,1.51,28.1,45.6,55.7
611,66.9,105.9,54.1,0.38,20.3,12.9,67.2
612,61.1,101.2,48.7,0.42,26.8,57.8,59.6
613,38.8,51.5,56.0,0.79,16.6,67.9,50.1
614,86.3,124.0,83.8,1.08,23.8,57.8,86.2
615,65.5,109.7,20.3,0.78,18.4,26.1,50.5
616,46.9,80.3,28.5,0.71,15.1,17.6,44.8
617,71.8,106.1,33.4,0.76,20.8,57.1,60.5
618,69.3,76.3,59.2,0.73,23.4,59.6,70.7
619,78.6,134.2,96.0,1.21,32.2,84.4,70.3
620,45.2,64.4,71.0,1.17,24.1,70.5,51.6
621,38.5,70.7,67.8,0.88,35.9,29.6,39.8
622,74.6,108.7,61.7,1.01,22.6,48.1,67.2
623,12.8,8.9,61.5,0.57,26.3,58.8,28.9
624,58.0,102.1,35.9,0.6,18.2,49.8,65.2
625,78.7,122.6,33.8,1.16,20.3,69.5,63.6
626,86.5,130.9,67.3,1.26,28.3,66.1,73.1
627,58.9,92.3,60.4,0.77,21.6,100,58.9
628,36.8,57.4,16.2,1.13,24.2,44.5,39.4
629,52.2,80.5,56.0,0.52,15.4,74.0,58.6
630,89.9,151.3,51.2,0.91,25.1,56.7,90.5
631,72.3,129.4,30.0,1.22,26.5,72.2,69.1
632,50.5,72.2,45.7,0.5,18.2,32.6,35.3
633,58.1,103.0,64.2,1.08,9.6,36.0,67.2
634,35.0,51.8,70.3,0.1,17.2,73.9,39.2
635,80.3,135.8,42.3,1.9,31.9,54.6,69.3
636,46.6,82.2,29.9,1.39,29.2,34.2,34.6
637,67.5,101.2,24.3,1.55,41.9,19.8,55.3
638,60.7,101.2,45.5,1.46,25.0,95.8,49.6
639,23.9,40.8,77.0,0.35,29.0,46.0,36.2
640,42.4,55.0,17.7,1.13,44.7,73.4,44.9
641,63.2,119.8,55.1,1.39,29.1,98.1,58.1
642,29.8,41.0,50.2,0.32,36.3,84.8,34.9
643,19.3,27.4,63.3,0.8,28.1,66.1,25.4
644,77.9,118.5,33.6,0.89,13.5,86.5,73.7
645,12.8,13.4,70.2,2.15,34.2,43.7,23.3
646,57.7,114.0,34.3,1.94,22.9,29.0,55.2
647,58.7,98.1,60.1,0.93,27.6,19.8,57.9
648,48.9,83.7,84.5,1.49,20.6,67.2,55.6
649,59.6,103.2,31.6,1.51,17.4,45.5,53.0
650,87.8,144.5,37.6,0.62,24.9,53.1,75.2
651,27.5,49.5,52.6,1.15,27.5,81.7,43.9
652,55.8,92.2,12.8,1.74,7.7,44.0,44.5
653,62.3,102.8,72.6,0.73,14.2,63.3,69.4
654,43.6,66.2,19.1,1.16,31.8,72.2,43.0
655,72.1,104.5,15.8,1.84,33.4,67.0,64.8
656,54.6,81.2,64.1,1.87,22.9,49.4,54.1
657,84.8,142.7,36.0,0.93,32.2,61.9,81.2
658,53.0,87.7,42.0,0.91,15.7,69.9,56.1
659,18.9,14.4,22.1,1.13,21.2,60.7,21.8
660,59.8,104.1,49.7,1.3,40.1,43.6,51.8
661,77.3,130.7,46.8,1.48,18.4,58.0,67.3
662,96.3,148.7,38.5,1.17,22.7,73.2,87.8
663,50.9,88.4,45.1,1.82,18.1,57.0,48.1
664,54.4,76.2,2,1.74,24.1,43.2,42.0
665,55.8,73.3,39.7,1.83,16.2,28.8,49.4
666,50.4,92.6,32.4,2.73,30.3,47.8,44.6
667,68.9,110.3,20.6,0.83,35.6,81.0,60.0
668,58.8,95.1,51.7,1.44,21.2,75.8,49.0
669,72.0,115.9,42.0,0.79,33.9,50.6,66.5
670,19.9,27.5,67.2,1.69,28.9,69.6,26.3
671,115.3,198.8,96.8,1.04,17.9,53.9,108.6
672,24.7,41.9,14.8,1.28,29.8,19.8,25.6
673,10.1,9.7,87.4,0.1,33.3,58.5,18.7
674,59.5,93.9,48.5,1.44,13.0,89.9,65.4
675,80.9,137.8,18.7,1.38,16.5,68.1,70.2
676,89.3,159.5,29.1,1.06,23.6,75.8,80.9
677,43.9,80.9,16.8,2.33,30.1,33.1,39.0
678,50.7,62.5,48.7,0.74,27.3,75.3,45.3
679,61.8,102.1,32.2,1.34,20.5,74.2,60.3
680,26.7,40.4,43.7,1.81,21.6,49.8,31.1
681,84.8,157.9,28.5,0.55,24.4,61.8,73.7
682,87.2,117.6,91.0,1.41,11.4,47.1,81.8
683,80.2,141.1,59.8,1.08,29.9,76.8,91.9
684,57.3,88.3,20.9,1.64,13.2,25.6,44.4
685,36.6,58.3,47.3,1.43,11.6,59.3,30.8
686,45.7,80.4,29.0,0.14,30.9,65.4,41.5
687,67.3,112.0,16.8,1.0,20.4,60.1,56.0
688,90.0,157.5,74.8,1.22,16.5,68.3,84.1
689,37.5,58.1,48.9,1.1,31.6,88.6,30.4
690,61.4,92.1,59.6,0.44,28.8,85.5,65.2
691,51.9,81.5,30.3,0.1,23.1,71.5,53.6
692,71.2,112.5,52.4,0.44,22.2,52.1,69.3
693,48.5,79.6,75.1,1.19,25.9,56.9,48.9
694,34.0,60.4,48.3,0.67,21.4,48.1,48.7
695,84.5,150.2,64.9,0.92,30.6,85.0,81.8
696,61.5,93.9,38.8,0.46,15.6,55.5,56.9
697,36.4,55.9,36.3,1.59,19.3,57.9,33.4
698,109.2,178.8,20.7,0.63,8.3,69.9,81.1
699,73.6,136.8,24.6,1.1,10.3,41.0,63.6
700,91.7,162.4,26.1,1.0,34.6,65.5,73.8
701,48.2,68.2,52.6,1.78,12.6,60.9,46.7
702,54.2,112.2,36.2,1.03,21.6,74.3,46.6
703,85.7,145.7,25.8,0.98,21.9,39.0,76.2
704,86.6,149.9,45.1,1.33,27.9,35.8,66.2
705,22.1,25.2,50.5,1.25,36.4,33.8,29.6
706,54.0,91.2,45.3,0.71,11.5,48.6,44.6
707,61.5,104.7,51.2,1.51,27.9,62.7,53.0
708,43.9,74.4,35.8,0.96,9.8,77.8,34.0
709,56.4,87.4,17.9,1.78,29.9,60.4,47.8
710,63.3,105.2,43.1,1.08,45,52.4,60.5
711,16.1,11.8,80.7,1.75,27.0,67.4,19.2
712,90.2,158.6,58.1,0.78,21.3,47.0,70.2
713,48.5,79.5,29.7,0.57,17.4,72.8,32.9
714,67.5,95.8,60.9,1.28,26.0,30.1,66.9
715,35.3,57.6,19.9,1.73,17.5,37.2,37.4
716,88.8,129.8,40.2,2.29,14.6,29.1,85.9
717,57.2,82.2,47.0,1.29,13.1,62.2,64.5
718,50.7,81.8,64.0,0.95,14.7,32.3,44.0
719,67.5,123.0,45.1,0.55,27.8,49.5,71.6
720,49.9,88.6,53.1,1.18,11.4,86.3,56.0
721,76.4,130.0,56.9,1.43,28.5,58.4,71.4
722,45.0,54.8,57.0,2.22,26.8,35.4,50.9
723,21.3,46.8,39.3,1.34,21.1,55.9,26.8
724,17.6,36.8,58.3,0.64,38.6,46.4,22.3
725,31.0,63.7,49.9,2.48,40.0,31.6,42.1
726,75.1,114.3,36.3,1.02,28.7,18.1,70.2
727,68.1,107.8,66.2,0.69,17.9,38.7,66.5
728,8.1,18.7,2,0.78,18.2,66.0,4.0
729,68.9,108.3,48.3,1.61,39.2,69.3,72.1
730,52.8,92.4,63.6,1.91,35.1,80.9,62.7
731,91.9,160.1,52.5,1.24,25.0,41.5,89.3
732,18.1,35.6,31.2,0.66,19.1,33.9,16.0
733,24.3,48.3,64.6,1.92,17.4,49.2,32.1
734,19.1,7.1,59.6,1.1,16.7,61.5,27.7
735,64.9,110.2,49.5,1.72,20.9,29.0,62.9
736,36.0,64.9,7.7,1.57,6.9,61.4,27.8
737,72.0,108.2,49.1,1.54,18.2,67.8,57.5
738,98.3,136.5,54.3,1.05,24.8,55.0,87.7
739,58.5,83.7,25.6,1.84,25.6,42.8,59.0
740,85.9,130.7,2,1.09,16.1,100,66.9
741,72.0,130.4,31.7,1.26,37.0,23.2,59.5
742,83.4,137.1,20.8,1.25,8.3,54.3,75.2
743,39.7,77.4,75.6,0.67,40.8,67.1,39.6
744,41.0,72.1,56.8,1.51,13.2,39.0,45.3
745,72.2,106.0,39.5,1.73,29.8,41.5,66.2
746,111.9,183.0,52.3,1.27,23.3,72.6,97.8
747,91.3,140.0,51.7,1.54,32.8,50.6,82.7
748,83.7,147.4,16.9,1.68,26.1,60.9,70.1
749,59.1,85.3,33.6,0.97,18.1,50.5,52.3
750,70.6,99.9,26.8,0.9,21.1,58.3,60.5
751,5,8.4,45.6,1.58,24.5,82.6,15.5
752,26.8,44.6,60.0,0.33,28.4,81.3,36.6
753,39.9,46.2,48.3,0.68,17.6,53.2,49.2
754,92.4,163.7,70.3,1.35,28.9,86.3,87.0
755,52.6,86.2,31.6,1.69,37.4,83.5,51.1
756,6.1,14.8,50.6,1.16,39.7,65.2,16.4
757,35.8,68.5,59.0,0.97,19.8,43.0,39.3
758,5,22.0,34.5,0.59,18.6,37.3,6.2
759,82.6,134.2,32.3,0.81,17.9,52.0,73.8
760,106.0,173.7,25.1,1.09,25.1,48.1,94.1
761,67.1,118.9,35.7,0.96,24.0,77.1,59.0
762,34.8,45.8,61.1,1.51,26.1,37.0,47.7
763,41.2,72.6,35.2,0.47,21.3,37.7,36.0
764,58.7,106.6,39.8,1.4,30.3,54.3,53.2
765,43.5,83.8,39.6,1.72,31.1,81.2,41.1
766,35.8,61.3,25.8,0.58,18.6,32.3,36.2
767,65.8,110.5,28.3,0.82,30.9,32.0,67.1
768,76.4,114.9,29.2,1.3,39.3,56.4,64.2
769,58.9,82.3,15.9,2.11,29.4,81.2,56.5
770,113.8,186.5,46.5,0.89,24.6,53.8,110.3
771,23.1,32.7,40.9,0.37,15.5,77.3,30.5
772,48.7,81.7,28.6,0.52,27.1,52.6,45.9
773,82.2,125.2,8.4,1.17,19.6,76.8,67.2
774,116.2,184.6,19.1,1.52,17.9,34.1,101.8
775,57.1,83.9,2,0.85,33.3,93.3,50.4
776,60.0,103.2,17.9,0.93,38.3,90.2,61.3
777,58.0,85.2,12.7,0.92,20.0,91.2,44.6
778,89.8,127.1,14.9,2.16,22.8,58.0,72.6
779,69.4,106.8,45.6,1.24,26.0,84.2,60.7
780,47.0,89.9,46.7,0.99,19.0,83.1,60.4
781,73.5,118.4,35.7,1.54,19.5,57.8,68.1
782,78.3,140.6,33.7,1.67,28.4,19.4,77.9
783,55.2,85.8,38.3,1.08,25.1,73.8,60.1
784,28.8,47.4,39.8,0.98,21.0,54.9,38.5
785,44.0,57.9,26.0,0.53,20.5,66.4,41.0
786,67.5,127.2,49.4,1.25,36.7,100,62.5
787,48.5,66.7,42.5,2.51,23.7,77.4,46.7
788,42.6,59.1,57.0,1.8,31.3,54.2,43.4
789,76.0,103.4,63.6,1.11,24.3,92.9,71.5
790,57.7,87.5,35.0,1.33,15.6,66.5,56.0
791,83.5,133.7,78.0,1.02,27.3,73.0,91.4
792,88.8,134.8,42.3,0.97,26.6,81.6,79.2
793,82.7,143.5,81.6,1.05,27.9,44.7,86.7
794,35.9,49.1,16.9,1.5,19.4,68.3,29.5
795,48.8,79.5,37.9,1.09,27.0,67.6,50.2
796,90.4,143.4,49.9,2.26,34.2,71.7,73.9
797,5,16.3,21.8,1.64,27.1,42.3,10.4
798,43.3,60.8,52.8,1.6,20.8,84.0,45.5
799,82.8,139.8,66.8,0.86,23.9,90.8,74.3
800,36.8,75.8,16.5,0.43,11.3,72.1,22.4
801,75.9,133.1,37.9,0.49,20.9,69.7,66.0
802,87.3,136.3,31.7,0.79,31.0,51.6,75.7
803,89.8,143.9,49.6,0.64,23.6,50.7,78.3
804,59.2,113.6,34.2,0.72,14.7,68.7,43.7
805,13.9,25.9,35.8,1.81,22.4,38.0,20.1
806,84.0,130.2,36.8,1.44,24.4,60.6,78.9
807,79.3,105.7,52.3,0.39,33.6,50.9,83.1
808,51.0,72.3,41.0,0.39,15.5,56.7,49.9
809,39.2,72.1,68.3,0.58,25.3,13.3,49.3
810,95.9,146.1,78.7,1.35,11.0,10,91.7
811,35.1,43.6,15.0,1.1,23.5,52.4,22.3
812,16.9,25.3,54.0,0.98,32.6,67.9,28.4
813,86.0,158.0,36.3,1.74,26.5,54.6,71.5
814,17.4,20.2,43.4,0.56,24.8,73.1,26.6
815,65.7,113.6,52.8,0.83,24.8,35.8,57.9
816,62.3,102.7,55.4,0.1,19.2,65.7,45.5
817,60.5,61.6,54.4,1.2,38.5,55.3,59.6
818,47.5,80.0,49.5,1.09,22.6,67.6,50.3
819,87.7,132.1,48.0,1.83,22.2,55.4,77.4
820,43.4,51.1,43.8,0.91,15.9,34.1,44.9
821,84.1,142.9,33.7,1.72,20.1,27.8,76.1
822,84.5,134.8,49.5,0.85,35.2,79.2,80.6
823,87.5,150.2,16.4,1.24,19.6,57.8,76.3
824,61.1,100.0,44.1,0.56,37.8,48.5,63.8
825,90.6,140.2,8.8,0.25,15.5,50.5,69.5
826,52.8,85.0,71.5,2.38,29.9,62.3,56.6
827,57.5,83.1,16.8,0.57,21.8,79.1,37.9
828,144.2,218.0,44.1,0.67,25.1,39.3,114.8
829,43.0,78.9,30.2,1.82,25.8,55.9,30.5
830,64.5,114.4,47.1,1.02,20.8,68.8,60.5
831,77.8,124.7,57.5,1.96,34.5,34.7,66.5
832,53.8,85.7,36.4,0.88,26.0,50.8,49.2
833,58.6,105.5,24.1,1.39,27.3,67.2,42.4
834,31.6,53.2,36.2,0.85,18.0,28.1,28.8
835,95.8,143.8,50.2,1.39,32.1,59.6,96.2
836,102.5,153.9,66.6,1.02,25.7,37.6,96.0
837,48.7,72.1,70.8,1.25,41.9,51.2,54.5
838,100.4,165.9,11.1,1.19,34.8,74.9,86.5
839,71.3,114.3,52.5,1.36,30.4,54.9,64.4
840,68.4,102.3,72.1,1.22,19.5,80.3,67.3
841,12.1,19.3,36.4,1.96,17.8,74.3,8.2
842,39.5,55.5,38.9,1.53,45,80.8,36.4
843,57.7,90.8,36.9,0.71,36.0,42.0,50.7
844,54.1,86.5,68.0,1.47,40.7,80.3,55.6
845,61.9,83.5,71.1,0.47,19.6,74.7,64.7
846,35.2,66.4,36.8,1.36,32.9,81.3,38.2
847,73.6,115.8,63.8,1.78,31.4,100,67.7
848,67.4,100.4,29.1,0.74,19.0,98.7,52.8
849,64.1,93.5,8.0,1.74,27.4,55.9,49.3
850,75.8,122.0,25.2,1.83,30.4,59.2,62.4
851,50.0,84.8,24.5,0.89,33.1,48.1,49.0
852,91.9,152.8,38.3,0.96,34.7,64.8,88.3
853,14.7,20.3,19.1,0.91,27.5,73.7,7.7
854,42.3,53.3,41.0,1.63,21.8,61.0,50.5
855,88.0,153.8,26.6,1.2,19.2,31.8,78.6
856,52.4,99.5,41.7,1.06,32.3,90.0,59.6
857,54.9,93.6,53.0,1.54,23.5,100,67.0
858,29.3,43.4,35.5,1.39,35.4,95.4,31.8
859,64.8,107.6,41.3,1.42,19.6,57.1,69.5
860,83.1,114.2,14.9,1.66,13.9,47.1,61.0
861,47.7,77.3,15.5,1.18,34.5,47.3,44.0
862,79.8,143.3,74.2,1.66,28.8,74.1,83.6
863,58.8,105.3,12.7,1.27,34.3,46.4,50.2
864,97.6,162.8,30.8,1.74,32.4,52.5,87.6
865,71.5,98.2,71.4,1.59,20.1,59.4,74.5
866,40.5,48.3,27.6,0.64,31.4,66.6,40.4
867,90.0,142.8,31.6,1.19,24.2,16.1,70.5
868,66.9,95.0,50.6,1.69,30.4,71.7,62.3
869,76.5,121.3,70.2,2.03,34.0,64.8,73.0
870,51.0,91.0,74.3,1.01,14.3,44.1,55.2
871,56.5,101.4,52.3,1.47,33.9,85.8,61.4
872,80.5,128.1,16.4,1.06,13.0,62.6,64.1
873,56.4,85.9,33.6,1.32,24.4,65.7,55.0
874,43.0,80.8,58.1,0.91,21.7,46.0,48.6
875,84.9,117.6,37.3,0.61,42.5,39.8,78.3
876,87.7,145.9,16.9,1.11,25.8,76.3,68.5
877,76.2,145.9,75.0,1.64,12.3,37.1,85.4
878,42.3,66.4,69.4,1.63,20.7,45.2,43.1
879,33.2,69.4,47.7,0.84,34.8,77.0,31.3
880,5,2.3,57.3,1.36,24.0,76.3,16.0
881,101.1,157.7,46.1,1.2,18.3,43.2,88.3
882,62.9,93.8,56.9,0.69,26.1,87.7,65.6
883,51.9,76.8,46.8,0.93,27.0,63.1,48.5
884,61.1,83.6,74.4,0.78,10.8,47.4,63.8
885,5,9.5,45.1,1.54,29.8,26.7,11.8
886,85.8,146.1,73.8,1.7,12.7,78.7,81.0
887,65.0,109.2,49.5,1.21,40.3,100,52.3
888,98.3,154.1,51.3,1.19,11.4,86.3,91.5
889,77.4,140.8,75.4,1.11,36.5,72.5,77.3
890,69.2,110.0,83.0,0.5,25.7,53.0,73.8
891,61.7,100.1,25.9,1.53,38.4,75.8,59.9
892,78.3,127.6,54.6,1.01,27.0,28.2,81.2
893,63.2,105.5,41.8,1.22,17.5,64.4,61.8
894,57.2,89.5,19.6,1.94,26.5,80.0,44.9
895,58.1,92.8,11.2,1.38,30.9,59.5,47.4
896,97.1,166.5,46.1,2.13,24.8,85.7,87.2
897,52.2,83.9,38.7,0.91,19.6,72.8,53.3
898,54.8,80.1,105.7,1.05,23.2,43.6,63.4
899,44.1,67.5,6.7,2.04,28.0,43.1,41.5
900,56.7,96.4,58.5,0.31,18.3,26.8,56.3
901,90.0,133.2,10.1,1.43,38.5,78.7,72.8
902,58.3,88.7,63.5,0.72,29.6,82.7,56.9
903,60.8,94.1,38.1,1.73,27.1,52.6,55.5
904,22.2,27.7,53.0,1.08,39.6,74.1,22.5
905,43.8,57.8,30.9,1.4,16.9,46.4,39.4
906,81.7,138.1,79.9,2.29,30.5,100,73.2
907,5,5.9,32.9,1.33,15.8,43.9,7.4
908,61.7,107.9,11.4,1.22,26.3,39.4,52.5
909,103.4,177.9,23.0,0.24,36.8,81.9,97.2
910,82.0,137.4,45.2,2.22,11.1,46.8,75.9
911,57.9,116.7,27.9,1.16,20.6,61.5,61.2
912,64.0,108.7,26.9,2.08,23.4,84.6,60.2
913,43.4,70.0,46.7,0.75,20.1,17.3,44.2
914,77.4,111.1,36.9,1.16,25.2,57.2,70.0
915,45.7,73.6,29.6,1.64,32.8,50.8,32.4
916,65.6,98.6,53.3,0.58,17.3,70.6,60.6
917,51.0,73.0,21.5,1.34,20.5,54.8,47.3
918,34.5,61.2,53.1,2.05,35.1,34.3,37.9
919,67.3,89.6,47.8,1.5,15.4,52.8,54.0
920,52.4,85.9,34.6,0.43,20.1,96.0,42.3
921,48.6,71.2,34.4,2.05,15.2,54.3,52.5
922,54.8,88.4,69.4,0.94,36.0,56.7,68.6
923,54.7,75.5,60.0,1.38,27.2,71.5,61.8
924,31.9,34.6,28.1,1.74,37.1,61.1,25.5
925,75.2,130.7,39.4,0.25,12.8,52.5,66.0
926,61.7,81.6,54.9,1.37,13.1,65.8,56.4
927,60.5,98.0,35.6,0.54,32.9,89.3,53.1
928,90.8,127.8,36.5,0.7,17.4,55.4,80.8
929,84.2,123.8,58.5,1.6,41.2,40.6,77.9
930,81.9,140.5,68.5,1.05,25.5,51.8,81.4
931,57.1,104.2,5.2,1.14,24.4,56.7,44.2
932,56.9,91.9,40.1,1.47,23.8,85.2,60.1
933,63.3,97.0,39.6,1.08,25.0,70.6,57.5
934,40.6,70.8,20.4,1.8,26.9,49.7,38.4
935,87.7,122.4,80.7,1.03,17.8,39.6,85.8
936,96.7,150.2,70.3,1.11,28.5,73.9,98.5
937,77.8,128.1,25.7,0.16,33.8,84.3,64.1
938,26.3,39.9,49.6,1.19,21.1,85.2,25.6
939,97.9,167.2,56.0,2.13,30.0,65.6,89.7
940,55.7,83.3,57.4,1.69,15.6,67.4,59.8
941,56.5,96.5,34.0,1.48,21.4,96.4,53.8
942,42.4,68.2,63.6,1.65,23.7,51.1,44.1
943,97.8,156.1,58.1,1.43,18.9,67.5,86.1
944,51.5,92.6,77.7,1.51,43.8,26.8,55.2
945,78.5,119.0,46.0,0.47,26.2,41.5,80.7
946,11.9,9.1,47.6,1.24,24.9,88.6,22.5
947,17.4,32.7,33.9,2.03,35.5,53.4,25.6
948,51.1,71.0,64.0,1.55,39.1,85.5,56.0
949,26.9,43.9,53.0,1.32,22.5,71.2,35.2
950,29.6,64.7,29.4,0.87,37.9,20.7,36.2
951,47.6,63.5,50.9,2.1,20.5,64.0,50.4
952,80.5,120.1,42.2,1.47,31.7,43.2,80.5
953,38.7,58.2,39.8,0.63,11.9,47.4,35.7
954,38.5,70.3,50.8,1.38,7.0,80.8,36.1
955,69.7,101.9,34.9,0.1,15.8,51.9,66.0
956,103.5,154.4,64.8,1.64,23.3,80.7,96.0
957,90.7,139.4,19.1,0.37,33.5,47.3,81.2
958,78.2,128.4,48.7,1.26,17.5,67.6,69.7
959,51.1,81.0,83.8,1.45,14.1,64.0,60.2
960,62.5,90.1,51.1,1.77,24.7,59.9,61.3
961,84.5,130.7,29.9,2.12,33.6,67.5,78.8
962,56.6,104.1,41.4,1.09,41.7,32.4,58.2
963,114.4,193.0,57.8,2.2,29.1,34.9,100.3
964,69.3,110.6,68.0,0.38,5,62.2,69.8
965,32.8,74.4,48.6,1.42,27.5,10.2,41.9
966,74.2,98.5,52.9,1.23,26.9,28.2,60.8
967,31.0,26.1,26.8,2.15,29.2,30.9,27.8
968,63.4,99.0,61.7,1.04,5,46.0,58.6
969,40.7,71.2,17.5,1.25,13.7,58.8,39.2
970,73.6,120.4,73.2,1.74,25.6,63.0,72.6
971,50.8,86.2,65.3,1.19,24.3,24.8,56.3
972,50.4,96.9,54.0,1.07,19.9,81.4,49.9
973,85.9,134.7,54.9,1.42,26.3,60.2,74.6
974,42.4,67.0,58.2,0.57,35.7,39.5,44.7
975,37.1,72.1,47.9,1.37,30.2,86.3,35.2
976,69.5,108.5,16.8,1.04,27.9,60.9,62.3
977,56.8,108.5,43.0,1.74,37.1,37.0,52.7
978,49.5,76.0,32.0,1.45,31.8,77.3,42.3
979,68.7,103.3,24.4,1.46,35.5,28.4,59.4
980,48.9,79.1,37.7,1.38,25.2,53.9,51.4
981,40.7,67.8,2,0.98,33.3,58.1,30.2
982,50.1,87.2,32.3,1.04,9.8,51.5,53.1
983,96.6,151.2,49.6,1.49,27.6,81.6,77.6
984,84.5,125.5,37.4,1.39,23.7,60.8,73.9
985,113.0,199.7,8.1,1.42,30.2,70.9,83.9
986,62.0,95.5,11.4,0.63,29.0,93.3,58.6
987,30.2,42.0,52.8,1.25,22.8,65.8,36.8
988,76.8,133.2,113.8,1.91,21.0,68.1,81.2
989,67.6,109.5,63.4,1.13,19.6,44.1,66.2
990,42.2,69.3,38.3,0.95,26.3,72.1,37.1
991,89.5,151.1,66.8,1.19,25.1,58.4,93.0
992,73.0,114.2,29.1,0.33,15.1,66.3,62.0
993,105.1,155.1,28.4,1.33,18.1,63.2,80.8
994,76.3,112.2,63.6,0.83,13.0,51.9,86.7
995,48.7,68.5,81.3,1.23,20.3,80.1,55.0
996,76.5,118.8,71.9,1.47,29.5,34.7,78.6
997,73.3,109.0,38.5,0.97,33.5,82.8,66.1
998,57.2,85.9,73.2,1.86,31.1,80.7,62.4
999,102.4,161.3,43.9,1.11,19.4,42.8,95.4
1000,41.5,69.0,51.7,1.01,31.4,88.3,48.7
